Title,Views,Date_Of_Release,URL
Matt LeBlanc: – Filming the last Friends episode was very sad | SVT/NRK/Skavlan - YouTube,2189194,2/19/2018,https://www.youtube.com/watch?v=GI60w-wmUYY
Matthew Perry Takes The Friends Apartment Quiz - The Graham Norton Show - YouTube,7791978,1/15/2016,https://www.youtube.com/watch?v=bxEroRxGrO8
OPEN CHALLENGE TO SANJEEV KAPOOR - VLOG 41 - YouTube,1037873,8/17/2020,https://www.youtube.com/watch?v=ZT-cBf05sss
BINOD - THE MYSTERY SOLVED! - YouTube,2119808,8/10/2020,https://www.youtube.com/watch?v=0-5H-bEFJhU
To China With Love  - ALPHA PANDEY - YouTube,964637,6/9/2020,https://www.youtube.com/watch?v=k9HOvJKp-w4
Alpha Pandey To WHO - YouTube,688798,7/22/2020,https://www.youtube.com/watch?v=gFRZ2hfWJ2A
Aaron Paul Recaps Breaking Bad in 2 ½ Minutes - YouTube,5246866,10/9/2019,https://www.youtube.com/watch?v=l4bW99gtXR8
Honestly #04 - Yuzvendra Chahal - YouTube,657349,8/13/2020,https://www.youtube.com/watch?v=5S60vkU8H9w
Gordon Ramsay's Guide To Pasta | Gordon Ramsay - YouTube,818329,8/13/2020,https://www.youtube.com/watch?v=BSBEUcAyFyk
How to impress a girl | Babban Bhola - YouTube,398734,4/22/2020,https://www.youtube.com/watch?v=r4UBSJ-T51w
You Laugh You Lose I Friendship Day Edition I Jordindian - YouTube,1734168,8/1/2020,https://www.youtube.com/watch?v=17CRtzWQk-0
Friends Cast: Where Are They Now? | ⭐OSSA - YouTube,7532134,11/1/2018,https://www.youtube.com/watch?v=XUXB3A7szRU
Ryan Reynolds Hilariously Crashes Original X-Men Reunion With Hugh Jackman Patrick Stewart - YouTube,2785723,7/9/2020,https://www.youtube.com/watch?v=s0kPHEE0VWg
Ryan Reynolds and Hugh Jackman I Funny Full Time Feud  |⭐ OSSA Radar - YouTube,547969,10/18/2019,https://www.youtube.com/watch?v=oqdofzOoGUo
Avengers: Infinity War Cast ★ All Best Funniest Moments - YouTube,5989272,5/7/2018,https://www.youtube.com/watch?v=iVz12GWmB4w
The Cast of Infinity War Plays 'Guess the Avenger' - YouTube,21062385,4/24/2018,https://www.youtube.com/watch?v=tiwbf54evWw
Avengers: Infinity War Cast Reveals What They Stole from the Set - YouTube,12889173,4/26/2018,https://www.youtube.com/watch?v=2k2QSTIYK8E
Try Not to Laugh Challenge with Benedict Cumberbatch - YouTube,7536915,11/2/2018,https://www.youtube.com/watch?v=WWEGWathsPc
Suits Bloopers // Harvey Specter Funny Moments - YouTube,3033742,2/22/2019,https://www.youtube.com/watch?v=JUVyb5w6thI
Mike Ross' Interview with Harvey Specter | Suits - YouTube,5218766,9/23/2019,https://www.youtube.com/watch?v=ImEnWAVRLU0
"Swami Sarvapriyananda at IITK - ""Who Am I?"" according to Mandukya Upanishad-Part 1 - YouTube",3082176,4/30/2014,https://www.youtube.com/watch?v=eGKFTUuJppU
स्वामी विवेकानंद की आत्मकथा | Full Movie | हिंदी | उन्ही के शब्दों में | Vivekananda Ki Atmakatha - YouTube,1412876,9/28/2018,https://www.youtube.com/watch?v=04ceHW8CVVU
Funny joke by Shri Gaur Gopal Prabhu. (Lessons for Life) - YouTube,1595670,3/28/2017,https://www.youtube.com/watch?v=wni1vh35wxY
Funny Joke Compilation by Shri Gaur Gopal Prabhu - YouTube,408680,4/25/2017,https://www.youtube.com/watch?v=gyyDwzJ2W6U
Gaur Gopal Prabhu - The Cup of Life - YouTube,2073205,5/12/2015,https://www.youtube.com/watch?v=Uj5l3tTb7vE
"Happiness Is A Journey, Not A Destination | Gaur Gopal Das - YouTube",3181174,6/24/2018,https://www.youtube.com/watch?v=yYNdhOH-k64
I Am So Bad At Math: Insults Face Off | Ok Tested - YouTube,46725,8/19/2020,https://www.youtube.com/watch?v=RApQwzTMpK0
Imaandar Sharma with his Crush || Ananya Pandey || Kartik Aryan || Bhumi Padnekar - YouTube,700314,11/23/2019,https://www.youtube.com/watch?v=QDc7izVNlpA
"TVF's Imaandar Sharma with Kartik Aaryan, Ananya Panday & Bhumi Pednekar - YouTube",4073487,12/5/2019,https://www.youtube.com/watch?v=8yFvKdUik_0
TVF's Imaandar Sharma with Kartik Aaryan & Sara Ali Khan - YouTube,2708223,2/13/2020,https://www.youtube.com/watch?v=mAQHfGtx3ho
"TVF's Imaandar Sharma with Kartik Aaryan, Ananya Panday & Bhumi Pednekar - YouTube",4073487,12/5/2019,https://www.youtube.com/watch?v=8yFvKdUik_0
"TVF's Imaandar Sharma with Ayushmann Khurrana, Jeetu and Gajraj Rao - YouTube",2639990,2/20/2020,https://www.youtube.com/watch?v=SXic9Wh_SiM
Kota Factory - Behind The Scenes - YouTube,4361866,7/16/2019,https://www.youtube.com/watch?v=-rTTQPQNds8
When You Date A Baniya | Ft. Jeetu and Shweta Tripathi | Gone Kesh | RVCJ - YouTube,7798852,3/25/2019,https://www.youtube.com/watch?v=FZN-l-9PfUU
Mummy Papa Ka Second Honeymoon || TVF - YouTube,3892091,5/31/2018,https://www.youtube.com/watch?v=EDy1vR0n204
TVF's Tech Conversations With Dad || Data Ki Chori - YouTube,4815155,5/28/2018,https://www.youtube.com/watch?v=rsII-IIPFSQ
TVF's Truth or Dare with Dad - YouTube,23433806,4/15/2016,https://www.youtube.com/watch?v=tP-15bw-7og
TVF Couples | Truth or Dare: Husband vs. Wife feat. Permanent Roommates - YouTube,9504183,10/12/2017,https://www.youtube.com/watch?v=ruHMqQJ6PNE
TVF's A Day With Sanjeev Kapoor - YouTube,2578506,12/28/2018,https://www.youtube.com/watch?v=uYoA1VEWr98
TVF's A Day with HC Verma | E03 - YouTube,7237767,7/26/2017,https://www.youtube.com/watch?v=4vJFFsuOyMA
Celebrities in College: Rahul Gandhi | TVF - YouTube,5720301,11/12/2018,https://www.youtube.com/watch?v=Zb37SCGZpqQ
Qissa Missing Dimaag Ka : C.I.D Qtiyapa - Episode 1 - YouTube,6501131,7/10/2014,https://www.youtube.com/watch?v=bs5Om2nY-0E
Bollywood Aam Aadmi Party : Arnub's Qtiyapa - YouTube,8737736,2/6/2014,https://www.youtube.com/watch?v=enyCO7HPv18
The Roasting Game: RAVISH KUMAR VS ARNAB GOSWAMI | Godi Media | Arnab Goswami Exposed | Zero Thought - YouTube,1009304,5/11/2020,https://www.youtube.com/watch?v=8eG9dkH6WWo
Raj Thakre showed Arnab Goswami his True Position . हिला डाला - YouTube,3021110,10/7/2013,https://www.youtube.com/watch?v=W6fW26H6HYk
MNS Chief Raj Thakrey On Dawood Ibrahim At Mumbai Manthan 2017 - YouTube,1706337,10/26/2017,https://www.youtube.com/watch?v=Rl1w1hKHasg
Jennifer Aniston Gets Emotional Over The Friends Theme Song | The Graham Norton Show - YouTube,2811555,10/30/2019,https://www.youtube.com/watch?v=Cb6Nt53D3RY
Chris Pratt Knows The Best Card Trick Ever - The Graham Norton Show - YouTube,22267906,12/2/2016,https://www.youtube.com/watch?v=Fy3Mi8rOB3U
Tom Cruise Held His Breath For 6 and a Half Minutes - The Graham Norton Show - YouTube,4464241,10/21/2016,https://www.youtube.com/watch?v=xDaUWl_kaWE
8 Crazy Mission: Impossible Stunts Tom Cruise Did Himself - YouTube,6245827,8/2/2018,https://www.youtube.com/watch?v=kV4f7gnyX3c
